{"total_flos":2.126289964905308e+17,"_timestamp":1.7553119825000787e+09,"_wandb":{"runtime":1335},"_runtime":1335,"train_loss":0.5580659248588378,"train/global_step":456,"train/loss":0.5299,"train_steps_per_second":0.255,"_step":456,"train/epoch":3,"train_runtime":1786.6849,"train/grad_norm":0.572047233581543,"train/learning_rate":4.434589800443459e-07,"train_samples_per_second":16.791}